<?xml version="1.0" encoding="UTF-8"?>
<spirit:component xmlns:xilinx="http://www.xilinx.com"
		xmlns:spirit="http://www.spiritconsortium.org/XMLSchema/SPIRIT/1685-2009"
		xmlns:xsi="http://www.w3.org/2001/XMLSchema-instance">
	<spirit:vendor>xilinx.com</spirit:vendor>
	<spirit:library>user</spirit:library>
	<spirit:name>andnotgate</spirit:name>
	<spirit:version>1.0</spirit:version>
	<spirit:model>
		<spirit:views>
			<spirit:view>
				<spirit:name>xilinx_anylanguagesynthesis</spirit:name>
				<spirit:displayName>Synthesis</spirit:displayName>
				<spirit:envIdentifier>:vivado.xilinx.com:synthesis</spirit:envIdentifier>
				<spirit:modelName>andnotgate</spirit:modelName>
				<spirit:fileSetRef>
					<spirit:localName>xilinx_anylanguagesynthesis_view_fileset</spirit:localName>
				</spirit:fileSetRef>
				<spirit:parameters>
					<spirit:parameter>
						<spirit:name>viewChecksum</spirit:name>
						<spirit:value>6f5447c1</spirit:value>
					</spirit:parameter>
				</spirit:parameters>
			</spirit:view>
			<spirit:view>
				<spirit:name>xilinx_anylanguagebehavioralsimulation</spirit:name>
				<spirit:displayName>Simulation</spirit:displayName>
				<spirit:envIdentifier>:vivado.xilinx.com:simulation</spirit:envIdentifier>
				<spirit:modelName>andnotgate</spirit:modelName>
				<spirit:fileSetRef>
					<spirit:localName>xilinx_anylanguagebehavioralsimulation_view_fileset</spirit:localName>
				</spirit:fileSetRef>
				<spirit:parameters>
					<spirit:parameter>
						<spirit:name>viewChecksum</spirit:name>
						<spirit:value>6f5447c1</spirit:value>
					</spirit:parameter>
				</spirit:parameters>
			</spirit:view>
			<spirit:view>
				<spirit:name>xilinx_testbench</spirit:name>
				<spirit:displayName>Test Bench</spirit:displayName>
				<spirit:envIdentifier>:vivado.xilinx.com:simulation.testbench</spirit:envIdentifier>
				<spirit:modelName>s</spirit:modelName>
				<spirit:fileSetRef>
					<spirit:localName>xilinx_testbench_view_fileset</spirit:localName>
				</spirit:fileSetRef>
				<spirit:parameters>
					<spirit:parameter>
						<spirit:name>viewChecksum</spirit:name>
						<spirit:value>31ec28be</spirit:value>
					</spirit:parameter>
				</spirit:parameters>
			</spirit:view>
			<spirit:view>
				<spirit:name>xilinx_xpgui</spirit:name>
				<spirit:displayName>UI Layout</spirit:displayName>
				<spirit:envIdentifier>:vivado.xilinx.com:xgui.ui</spirit:envIdentifier>
				<spirit:fileSetRef>
					<spirit:localName>xilinx_xpgui_view_fileset</spirit:localName>
				</spirit:fileSetRef>
				<spirit:parameters>
					<spirit:parameter>
						<spirit:name>viewChecksum</spirit:name>
						<spirit:value>03b001a3</spirit:value>
					</spirit:parameter>
				</spirit:parameters>
			</spirit:view>
		</spirit:views>
		<spirit:ports>
			<spirit:port>
				<spirit:name>a</spirit:name>
				<spirit:wire>
					<spirit:direction>in</spirit:direction>
					<spirit:vector>
						<spirit:left spirit:format="long"
								spirit:resolve="dependent"
								spirit:dependency="(spirit:decode(id(&apos;MODELPARAM_VALUE.WIDTH&apos;)) - 1)">2</spirit:left>
						<spirit:right spirit:format="long"
								spirit:resolve="immediate">0</spirit:right>
					</spirit:vector>
					<spirit:wireTypeDefs>
						<spirit:wireTypeDef>
							<spirit:typeName>std_logic_vector</spirit:typeName>
							<spirit:viewNameRef>xilinx_anylanguagesynthesis</spirit:viewNameRef>
							<spirit:viewNameRef>xilinx_anylanguagebehavioralsimulation</spirit:viewNameRef>
						</spirit:wireTypeDef>
					</spirit:wireTypeDefs>
				</spirit:wire>
			</spirit:port>
			<spirit:port>
				<spirit:name>b</spirit:name>
				<spirit:wire>
					<spirit:direction>in</spirit:direction>
					<spirit:vector>
						<spirit:left spirit:format="long"
								spirit:resolve="dependent"
								spirit:dependency="(spirit:decode(id(&apos;MODELPARAM_VALUE.WIDTH&apos;)) - 1)">2</spirit:left>
						<spirit:right spirit:format="long"
								spirit:resolve="immediate">0</spirit:right>
					</spirit:vector>
					<spirit:wireTypeDefs>
						<spirit:wireTypeDef>
							<spirit:typeName>std_logic_vector</spirit:typeName>
							<spirit:viewNameRef>xilinx_anylanguagesynthesis</spirit:viewNameRef>
							<spirit:viewNameRef>xilinx_anylanguagebehavioralsimulation</spirit:viewNameRef>
						</spirit:wireTypeDef>
					</spirit:wireTypeDefs>
				</spirit:wire>
			</spirit:port>
			<spirit:port>
				<spirit:name>c</spirit:name>
				<spirit:wire>
					<spirit:direction>out</spirit:direction>
					<spirit:vector>
						<spirit:left spirit:format="long"
								spirit:resolve="dependent"
								spirit:dependency="(spirit:decode(id(&apos;MODELPARAM_VALUE.WIDTH&apos;)) - 1)">2</spirit:left>
						<spirit:right spirit:format="long"
								spirit:resolve="immediate">0</spirit:right>
					</spirit:vector>
					<spirit:wireTypeDefs>
						<spirit:wireTypeDef>
							<spirit:typeName>std_logic_vector</spirit:typeName>
							<spirit:viewNameRef>xilinx_anylanguagesynthesis</spirit:viewNameRef>
							<spirit:viewNameRef>xilinx_anylanguagebehavioralsimulation</spirit:viewNameRef>
						</spirit:wireTypeDef>
					</spirit:wireTypeDefs>
				</spirit:wire>
			</spirit:port>
		</spirit:ports>
		<spirit:modelParameters>
			<spirit:modelParameter xsi:type="spirit:nameValueTypeType"
					spirit:dataType="integer">
				<spirit:name>WIDTH</spirit:name>
				<spirit:displayName>Width</spirit:displayName>
				<spirit:value spirit:format="long"
						spirit:resolve="generated"
						spirit:id="MODELPARAM_VALUE.WIDTH">3</spirit:value>
			</spirit:modelParameter>
		</spirit:modelParameters>
	</spirit:model>
	<spirit:fileSets>
		<spirit:fileSet>
			<spirit:name>xilinx_anylanguagesynthesis_view_fileset</spirit:name>
			<spirit:file>
				<spirit:name>sources_1/new/andnotgate.v</spirit:name>
				<spirit:fileType>verilogSource</spirit:fileType>
				<spirit:userFileType>CHECKSUM_6f5447c1</spirit:userFileType>
			</spirit:file>
		</spirit:fileSet>
		<spirit:fileSet>
			<spirit:name>xilinx_anylanguagebehavioralsimulation_view_fileset</spirit:name>
			<spirit:file>
				<spirit:name>sources_1/new/andnotgate.v</spirit:name>
				<spirit:fileType>verilogSource</spirit:fileType>
			</spirit:file>
		</spirit:fileSet>
		<spirit:fileSet>
			<spirit:name>xilinx_testbench_view_fileset</spirit:name>
			<spirit:file>
				<spirit:name>sim_1/new/s.v</spirit:name>
				<spirit:fileType>verilogSource</spirit:fileType>
			</spirit:file>
		</spirit:fileSet>
		<spirit:fileSet>
			<spirit:name>xilinx_xpgui_view_fileset</spirit:name>
			<spirit:file>
				<spirit:name>xgui/andnotgate_v1_0.tcl</spirit:name>
				<spirit:fileType>tclSource</spirit:fileType>
				<spirit:userFileType>XGUI_VERSION_2</spirit:userFileType>
				<spirit:userFileType>CHECKSUM_b030f5a2</spirit:userFileType>
			</spirit:file>
		</spirit:fileSet>
	</spirit:fileSets>
	<spirit:description>andnotgate_v1_0</spirit:description>
	<spirit:parameters>
		<spirit:parameter>
			<spirit:name>WIDTH</spirit:name>
			<spirit:displayName>Width</spirit:displayName>
			<spirit:value spirit:format="long"
					spirit:resolve="user"
					spirit:id="PARAM_VALUE.WIDTH">3</spirit:value>
		</spirit:parameter>
		<spirit:parameter>
			<spirit:name>Component_Name</spirit:name>
			<spirit:value spirit:resolve="user"
					spirit:id="PARAM_VALUE.Component_Name"
					spirit:order="1">andnotgate_v1_0</spirit:value>
		</spirit:parameter>
	</spirit:parameters>
	<spirit:vendorExtensions>
		<xilinx:coreExtensions>
			<xilinx:supportedFamilies>
				<xilinx:family xilinx:lifeCycle="Production">artix7</xilinx:family>
			</xilinx:supportedFamilies>
			<xilinx:taxonomies>
				<xilinx:taxonomy>/UserIP</xilinx:taxonomy>
			</xilinx:taxonomies>
			<xilinx:displayName>andnotgate_v1_0</xilinx:displayName>
			<xilinx:coreRevision>4</xilinx:coreRevision>
			<xilinx:coreCreationDateTime>2019-11-06T06:58:18Z</xilinx:coreCreationDateTime>
			<xilinx:tags>
				<xilinx:tag xilinx:name="xilinx.com:user:andnotgate:1.0_ARCHIVE_LOCATION">C:/Users/MinLee621/Desktop/exp1</xilinx:tag>
			</xilinx:tags>
		</xilinx:coreExtensions>
		<xilinx:packagingInfo>
			<xilinx:xilinxVersion>2015.2</xilinx:xilinxVersion>
			<xilinx:checksum xilinx:scope="fileGroups"
					xilinx:value="e9fbea09"/>
			<xilinx:checksum xilinx:scope="ports"
					xilinx:value="2a22a069"/>
			<xilinx:checksum xilinx:scope="hdlParameters"
					xilinx:value="ab7e6567"/>
			<xilinx:checksum xilinx:scope="parameters"
					xilinx:value="34f5f689"/>
		</xilinx:packagingInfo>
	</spirit:vendorExtensions>
</spirit:component>
